metric,value
n_trades,96.0
total_pnl,72.5828372314729
hit_rate,0.90625
avg_win,0.9194624335536041
avg_loss,-0.8233771652989621
win_loss_ratio,1.116696542367378
