exit_month,trades,pnl_sum,pnl_mean
2025-07,91,66.63392404207434,0.7322409235392785
2025-08,5,5.948913189398566,1.1897826378797132
