metric,value
n_trades,523.0
total_pnl,-266.1385179977276
hit_rate,0.8279158699808795
avg_win,1.2571598209176915
avg_loss,-9.005430227278756
win_loss_ratio,0.1396001955697321
