exit_month,trades,pnl_sum,pnl_mean
2025-06,92,-100.7287806880077,-1.0948780509566054
2025-07,383,-176.82891589777998,-0.46169429738323753
2025-08,48,11.419178588060007,0.2378995539179168
