metric,value
n_trades,523.0
total_pnl,-266.13797315655586
hit_rate,0.8279158699808795
avg_win,1.257161080757567
avg_loss,-9.005430234717583
win_loss_ratio,0.1396003353522168
