exit_month,trades,pnl_sum,pnl_mean
2025-06,92,-100.72852904036635,-1.094875315656156
2025-07,383,-176.82862271204885,-0.46169353188524503
2025-08,48,11.419178595859302,0.23789955408040211
